Keyword,Volume,Competition,Intent,Destination,Treatment,Priority,UK evidence,Volume scope,Competition meaning
360 appraisals,1300,Med,Method and evaluation,/360-degree-feedback,improve,P1,2026-10-04: UK provider appraisal360.co.uk uses review/evaluation/software terminology; CIPD UK performance resources support method intent. Family-level inference; no UK volume or geolocated rank measured.,Global/other market estimate,Unverified; not SEO difficulty
360 degree appraisal,1300,Med,Method and evaluation,/360-degree-feedback,improve,P1,2026-10-04: UK provider appraisal360.co.uk uses review/evaluation/software terminology; CIPD UK performance resources support method intent. Family-level inference; no UK volume or geolocated rank measured.,Global/other market estimate,Unverified; not SEO difficulty
360 degree evaluation,1300,Med,Method and evaluation,/360-degree-feedback,improve,P1,2026-10-04: UK provider appraisal360.co.uk uses review/evaluation/software terminology; CIPD UK performance resources support method intent. Family-level inference; no UK volume or geolocated rank measured.,Global/other market estimate,Unverified; not SEO difficulty
360 degree review,390,Med,Method and evaluation,/360-degree-feedback,improve,P1,2026-10-04: UK provider appraisal360.co.uk uses review/evaluation/software terminology; CIPD UK performance resources support method intent. Family-level inference; no UK volume or geolocated rank measured.,Global/other market estimate,Unverified; not SEO difficulty
360 feedback review,390,Med,Method and evaluation,/360-degree-feedback,improve,P1,2026-10-04: UK provider appraisal360.co.uk uses review/evaluation/software terminology; CIPD UK performance resources support method intent. Family-level inference; no UK volume or geolocated rank measured.,Global/other market estimate,Unverified; not SEO difficulty
performance evaluation software,170,Low,Commercial employee reviews,/employee-appraisal-software,improve,P1,2026-10-04: Breathe en-gb performance appraisal software and Acas appraisal templates support UK commercial/resource distinction. Family-level inference; no UK volume measured.,Global/other market estimate,Unverified; not SEO difficulty
performance appraisal software,170,Low,Commercial employee reviews,/employee-appraisal-software,improve,P1,2026-10-04: Breathe en-gb performance appraisal software and Acas appraisal templates support UK commercial/resource distinction. Family-level inference; no UK volume measured.,Global/other market estimate,Unverified; not SEO difficulty
employee appraisal software,170,Low,Commercial employee reviews,/employee-appraisal-software,improve,P1,2026-10-04: Breathe en-gb performance appraisal software and Acas appraisal templates support UK commercial/resource distinction. Family-level inference; no UK volume measured.,Global/other market estimate,Unverified; not SEO difficulty
staff appraisal software,170,Low,Commercial employee reviews,/employee-appraisal-software,improve,P1,2026-10-04: Breathe en-gb performance appraisal software and Acas appraisal templates support UK commercial/resource distinction. Family-level inference; no UK volume measured.,Global/other market estimate,Unverified; not SEO difficulty
360 feedback assessment,110,Med,Method and evaluation,/360-degree-feedback,improve,P1,2026-10-04: UK provider appraisal360.co.uk uses review/evaluation/software terminology; CIPD UK performance resources support method intent. Family-level inference; no UK volume or geolocated rank measured.,Global/other market estimate,Unverified; not SEO difficulty
360 degree assessment,110,Med,Method and evaluation,/360-degree-feedback,improve,P1,2026-10-04: UK provider appraisal360.co.uk uses review/evaluation/software terminology; CIPD UK performance resources support method intent. Family-level inference; no UK volume or geolocated rank measured.,Global/other market estimate,Unverified; not SEO difficulty
hr appraisal system,110,Low,Commercial category,/,improve,P1,2026-10-04: Breathe en-gb performance appraisal software and Acas appraisal templates support UK commercial/resource distinction. Family-level inference; no UK volume measured.,Global/other market estimate,Unverified; not SEO difficulty
360 degree feedback assessment,110,Med,Method and evaluation,/360-degree-feedback,improve,P1,2026-10-04: UK provider appraisal360.co.uk uses review/evaluation/software terminology; CIPD UK performance resources support method intent. Family-level inference; no UK volume or geolocated rank measured.,Global/other market estimate,Unverified; not SEO difficulty
360 appraisal system,90,Med,Commercial software,/360-feedback-software,improve,P1,2026-10-04: UK provider appraisal360.co.uk uses review/evaluation/software terminology; CIPD UK performance resources support method intent. Family-level inference; no UK volume or geolocated rank measured.,Global/other market estimate,Unverified; not SEO difficulty
appraisal software,50,Med,Commercial category,/,improve,P1,2026-10-04: Breathe en-gb performance appraisal software and Acas appraisal templates support UK commercial/resource distinction. Family-level inference; no UK volume measured.,Global/other market estimate,Unverified; not SEO difficulty
employee performance evaluation software,50,Low,Commercial employee reviews,/employee-appraisal-software,improve,P1,2026-10-04: Breathe en-gb performance appraisal software and Acas appraisal templates support UK commercial/resource distinction. Family-level inference; no UK volume measured.,Global/other market estimate,Unverified; not SEO difficulty
employee performance appraisal software,50,Low,Commercial employee reviews,/employee-appraisal-software,improve,P1,2026-10-04: Breathe en-gb performance appraisal software and Acas appraisal templates support UK commercial/resource distinction. Family-level inference; no UK volume measured.,Global/other market estimate,Unverified; not SEO difficulty
360 performance review,40,Med,Method and evaluation,/360-degree-feedback,improve,P1,2026-10-04: UK provider appraisal360.co.uk uses review/evaluation/software terminology; CIPD UK performance resources support method intent. Family-level inference; no UK volume or geolocated rank measured.,Global/other market estimate,Unverified; not SEO difficulty
360 degree performance appraisal,40,Med,Method and evaluation,/360-degree-feedback,improve,P1,2026-10-04: UK provider appraisal360.co.uk uses review/evaluation/software terminology; CIPD UK performance resources support method intent. Family-level inference; no UK volume or geolocated rank measured.,Global/other market estimate,Unverified; not SEO difficulty
360 review process,30,High,Process guidance,/360-degree-feedback,improve,P1,2026-10-04: UK provider appraisal360.co.uk uses review/evaluation/software terminology; CIPD UK performance resources support method intent. Family-level inference; no UK volume or geolocated rank measured.,Global/other market estimate,Unverified; not SEO difficulty
360 reviews examples,30,Med,Informational examples,/360-feedback-examples,improve,P1,2026-10-04: UK provider appraisal360.co.uk uses review/evaluation/software terminology; CIPD UK performance resources support method intent. Family-level inference; no UK volume or geolocated rank measured.,Global/other market estimate,Unverified; not SEO difficulty
360 review software,20,High,Commercial software,/360-feedback-software,improve,P1,2026-10-04: UK provider appraisal360.co.uk uses review/evaluation/software terminology; CIPD UK performance resources support method intent. Family-level inference; no UK volume or geolocated rank measured.,Global/other market estimate,Unverified; not SEO difficulty
best performance evaluation software,20,Low,Commercial investigation,/blog/choosing-performance-appraisal-software,create,P2,2026-10-04: UK Breathe commercial appraisal page and Talos360 buyer guide support selection intent. Vendor comparisons require separate testing; no superiority claim.,Global/other market estimate,Unverified; not SEO difficulty
online performance appraisal system,20,Low,Commercial employee reviews,/employee-appraisal-software,improve,P1,2026-10-04: Breathe en-gb performance appraisal software and Acas appraisal templates support UK commercial/resource distinction. Family-level inference; no UK volume measured.,Global/other market estimate,Unverified; not SEO difficulty
360 peer review,20,High,Method and evaluation,/360-degree-feedback,improve,P1,2026-10-04: UK provider appraisal360.co.uk uses review/evaluation/software terminology; CIPD UK performance resources support method intent. Family-level inference; no UK volume or geolocated rank measured.,Global/other market estimate,Unverified; not SEO difficulty
360 employee evaluation,20,High,Method and evaluation,/360-degree-feedback,improve,P1,2026-10-04: UK provider appraisal360.co.uk uses review/evaluation/software terminology; CIPD UK performance resources support method intent. Family-level inference; no UK volume or geolocated rank measured.,Global/other market estimate,Unverified; not SEO difficulty
best performance appraisal software,20,Low,Commercial investigation,/blog/choosing-performance-appraisal-software,create,P2,2026-10-04: UK Breathe commercial appraisal page and Talos360 buyer guide support selection intent. Vendor comparisons require separate testing; no superiority claim.,Global/other market estimate,Unverified; not SEO difficulty
360 reviews for managers,20,High,Manager feedback examples,/360-feedback-examples,improve,P1,2026-10-04: UK provider appraisal360.co.uk uses review/evaluation/software terminology; CIPD UK performance resources support method intent. Family-level inference; no UK volume or geolocated rank measured.,Global/other market estimate,Unverified; not SEO difficulty
360 performance review software,10,Low,Commercial software,/360-feedback-software,improve,P1,2026-10-04: UK provider appraisal360.co.uk uses review/evaluation/software terminology; CIPD UK performance resources support method intent. Family-level inference; no UK volume or geolocated rank measured.,Global/other market estimate,Unverified; not SEO difficulty
online employee evaluation system,10,Low,Commercial employee reviews,/employee-appraisal-software,improve,P1,2026-10-04: Breathe en-gb performance appraisal software and Acas appraisal templates support UK commercial/resource distinction. Family-level inference; no UK volume measured.,Global/other market estimate,Unverified; not SEO difficulty
best 360 review software,10,Low,Commercial investigation,/blog/choosing-performance-appraisal-software,create,P2,2026-10-04: UK Breathe commercial appraisal page and Talos360 buyer guide support selection intent. Vendor comparisons require separate testing; no superiority claim.,Global/other market estimate,Unverified; not SEO difficulty
performance evaluation software free,10,Med,Free access / trial,/pricing,improve,P1,2026-10-04: free/download modifiers ambiguous; browser product only. Explain gated 14-day trial; no permanent free/download promise.,Global/other market estimate,Unverified; not SEO difficulty
employee performance app,10,Low,Commercial employee reviews,/employee-appraisal-software,improve,P1,2026-10-04: Breathe en-gb performance appraisal software and Acas appraisal templates support UK commercial/resource distinction. Family-level inference; no UK volume measured.,Global/other market estimate,Unverified; not SEO difficulty
360 review companies,10,Low,Commercial investigation,/blog/choosing-performance-appraisal-software,create,P2,2026-10-04: UK Breathe commercial appraisal page and Talos360 buyer guide support selection intent. Vendor comparisons require separate testing; no superiority claim.,Global/other market estimate,Unverified; not SEO difficulty
360 performance appraisal,10,High,Method and evaluation,/360-degree-feedback,improve,P1,2026-10-04: UK provider appraisal360.co.uk uses review/evaluation/software terminology; CIPD UK performance resources support method intent. Family-level inference; no UK volume or geolocated rank measured.,Global/other market estimate,Unverified; not SEO difficulty
360 employee review,10,High,Method and evaluation,/360-degree-feedback,improve,P1,2026-10-04: UK provider appraisal360.co.uk uses review/evaluation/software terminology; CIPD UK performance resources support method intent. Family-level inference; no UK volume or geolocated rank measured.,Global/other market estimate,Unverified; not SEO difficulty
real estate appraisal software,10,Low,Property valuation,,exclude,Excluded,"2026-10-04: property valuation intent; unrelated product, exclude",Global/other market estimate,Unverified; not SEO difficulty
360 performance evaluation,10,Low,Method and evaluation,/360-degree-feedback,improve,P1,2026-10-04: UK provider appraisal360.co.uk uses review/evaluation/software terminology; CIPD UK performance resources support method intent. Family-level inference; no UK volume or geolocated rank measured.,Global/other market estimate,Unverified; not SEO difficulty
360 review survey,10,Low,Usable questionnaire,/360-feedback-template,improve,P1,2026-10-04: UK provider appraisal360.co.uk uses review/evaluation/software terminology; CIPD UK performance resources support method intent. Family-level inference; no UK volume or geolocated rank measured.,Global/other market estimate,Unverified; not SEO difficulty
free online employee performance evaluation,10,Low,Free access / trial,/pricing,improve,P1,2026-10-04: free/download modifiers ambiguous; browser product only. Explain gated 14-day trial; no permanent free/download promise.,Global/other market estimate,Unverified; not SEO difficulty
commercial appraisal software,10,Low,Property valuation,,exclude,Excluded,"2026-10-04: property valuation intent; unrelated product, exclude",Global/other market estimate,Unverified; not SEO difficulty
360 review feedback examples,10,Low,Informational examples,/360-feedback-examples,improve,P1,2026-10-04: UK provider appraisal360.co.uk uses review/evaluation/software terminology; CIPD UK performance resources support method intent. Family-level inference; no UK volume or geolocated rank measured.,Global/other market estimate,Unverified; not SEO difficulty
360 degree performance review,10,High,Method and evaluation,/360-degree-feedback,improve,P1,2026-10-04: UK provider appraisal360.co.uk uses review/evaluation/software terminology; CIPD UK performance resources support method intent. Family-level inference; no UK volume or geolocated rank measured.,Global/other market estimate,Unverified; not SEO difficulty
360 review system,10,Low,Commercial software,/360-feedback-software,improve,P1,2026-10-04: UK provider appraisal360.co.uk uses review/evaluation/software terminology; CIPD UK performance resources support method intent. Family-level inference; no UK volume or geolocated rank measured.,Global/other market estimate,Unverified; not SEO difficulty
appraisal management software,10,Med,Commercial category,/,improve,P1,2026-10-04: Breathe en-gb performance appraisal software and Acas appraisal templates support UK commercial/resource distinction. Family-level inference; no UK volume measured.,Global/other market estimate,Unverified; not SEO difficulty
360 review online,10,Low,Commercial software,/360-feedback-software,improve,P1,2026-10-04: UK provider appraisal360.co.uk uses review/evaluation/software terminology; CIPD UK performance resources support method intent. Family-level inference; no UK volume or geolocated rank measured.,Global/other market estimate,Unverified; not SEO difficulty
hr evaluation software,10,Low,Commercial category,/,improve,P1,2026-10-04: Breathe en-gb performance appraisal software and Acas appraisal templates support UK commercial/resource distinction. Family-level inference; no UK volume measured.,Global/other market estimate,Unverified; not SEO difficulty
performance appraisal software free download,10,Low,Downloadable software,/blog/choosing-performance-appraisal-software,monitor,P3,2026-10-04: UK Breathe commercial appraisal page and Talos360 buyer guide support selection intent. Vendor comparisons require separate testing; no superiority claim.,Global/other market estimate,Unverified; not SEO difficulty
performance feedback software,10,Low,Commercial employee reviews,/employee-appraisal-software,improve,P1,2026-10-04: Breathe en-gb performance appraisal software and Acas appraisal templates support UK commercial/resource distinction. Family-level inference; no UK volume measured.,Global/other market estimate,Unverified; not SEO difficulty
360 performance review examples,10,High,Informational examples,/360-feedback-examples,improve,P1,2026-10-04: UK provider appraisal360.co.uk uses review/evaluation/software terminology; CIPD UK performance resources support method intent. Family-level inference; no UK volume or geolocated rank measured.,Global/other market estimate,Unverified; not SEO difficulty
